{
  "chunk_id": 19,
  "start_page": 217,
  "end_page": 231,
  "processing_time": 7.63091778755188,
  "deeds": [
    {
      "type": "DEED",
      "confidence": 0.9945708513259888,
      "pages": [
        217
      ],
      "chunk_id": 19,
      "chunk_start": 217,
      "chunk_end": 231
    },
    {
      "type": "DEED",
      "confidence": 0.9908743500709534,
      "pages": [
        218,
        219,
        220,
        221,
        222,
        223
      ],
      "chunk_id": 19,
      "chunk_start": 217,
      "chunk_end": 231
    },
    {
      "type": "DEED",
      "confidence": 0.9867278337478638,
      "pages": [
        224,
        225,
        226,
        227,
        228,
        229,
        230,
        231
      ],
      "chunk_id": 19,
      "chunk_start": 217,
      "chunk_end": 231
    }
  ]
}