{
  "chunk_id": 22,
  "start_page": 253,
  "end_page": 267,
  "processing_time": 8.910305976867676,
  "deeds": [
    {
      "type": "DEED",
      "confidence": 0.999544084072113,
      "pages": [
        253,
        254,
        255,
        256,
        257,
        258,
        259,
        260,
        261,
        262
      ],
      "chunk_id": 22,
      "chunk_start": 253,
      "chunk_end": 267
    },
    {
      "type": "DEED",
      "confidence": 0.9982163310050964,
      "pages": [
        263,
        264,
        265,
        266,
        267
      ],
      "chunk_id": 22,
      "chunk_start": 253,
      "chunk_end": 267
    }
  ]
}