{
  "chunk_id": 1,
  "start_page": 1,
  "end_page": 15,
  "processing_time": 13.152509927749634,
  "deeds": [
    {
      "type": "DEED",
      "confidence": 0.9810190796852112,
      "pages": [
        2,
        3,
        4,
        5,
        6
      ],
      "chunk_id": 1,
      "chunk_start": 1,
      "chunk_end": 15
    },
    {
      "type": "DEED",
      "confidence": 0.9985416531562805,
      "pages": [
        7,
        8,
        9,
        10,
        11,
        12,
        13,
        14,
        15
      ],
      "chunk_id": 1,
      "chunk_start": 1,
      "chunk_end": 15
    }
  ]
}