{
  "chunk_id": 7,
  "start_page": 73,
  "end_page": 87,
  "processing_time": 11.518465042114258,
  "deeds": [
    {
      "type": "DEED",
      "confidence": 0.9984682202339172,
      "pages": [
        73,
        74,
        75,
        76,
        77
      ],
      "chunk_id": 7,
      "chunk_start": 73,
      "chunk_end": 87
    },
    {
      "type": "DEED",
      "confidence": 0.9948264956474304,
      "pages": [
        78,
        79,
        80,
        81,
        82,
        83,
        84,
        85,
        86,
        87
      ],
      "chunk_id": 7,
      "chunk_start": 73,
      "chunk_end": 87
    }
  ]
}