{
  "chunk_id": 17,
  "start_page": 193,
  "end_page": 207,
  "processing_time": 9.127140045166016,
  "deeds": [
    {
      "type": "DEED",
      "confidence": 0.9864482879638672,
      "pages": [
        193,
        194,
        195,
        196,
        197,
        198,
        199,
        200,
        201,
        202,
        203,
        204,
        205,
        206
      ],
      "chunk_id": 17,
      "chunk_start": 193,
      "chunk_end": 207
    },
    {
      "type": "DEED",
      "confidence": 0.9677333831787109,
      "pages": [
        207
      ],
      "chunk_id": 17,
      "chunk_start": 193,
      "chunk_end": 207
    }
  ]
}