{
  "chunk_id": 20,
  "start_page": 229,
  "end_page": 243,
  "processing_time": 10.15303111076355,
  "deeds": [
    {
      "type": "DEED",
      "confidence": 0.9987025856971741,
      "pages": [
        229,
        230,
        231,
        232,
        233,
        234,
        235,
        236,
        237,
        238,
        239,
        240,
        241,
        242,
        243
      ],
      "chunk_id": 20,
      "chunk_start": 229,
      "chunk_end": 243
    }
  ]
}