{
  "chunk_id": 16,
  "start_page": 181,
  "end_page": 195,
  "processing_time": 10.377426147460938,
  "deeds": [
    {
      "type": "DEED",
      "confidence": 0.9962449073791504,
      "pages": [
        181,
        182,
        183,
        184,
        185,
        186,
        187
      ],
      "chunk_id": 16,
      "chunk_start": 181,
      "chunk_end": 195
    },
    {
      "type": "DEED",
      "confidence": 0.9981576800346375,
      "pages": [
        189,
        190,
        191,
        192,
        193,
        194,
        195
      ],
      "chunk_id": 16,
      "chunk_start": 181,
      "chunk_end": 195
    }
  ]
}