{
  "chunk_id": 4,
  "start_page": 37,
  "end_page": 51,
  "processing_time": 11.023221015930176,
  "deeds": [
    {
      "type": "DEED",
      "confidence": 0.9707547426223755,
      "pages": [
        37
      ],
      "chunk_id": 4,
      "chunk_start": 37,
      "chunk_end": 51
    },
    {
      "type": "DEED",
      "confidence": 0.9241011738777161,
      "pages": [
        38,
        39,
        40,
        41,
        42,
        43
      ],
      "chunk_id": 4,
      "chunk_start": 37,
      "chunk_end": 51
    },
    {
      "type": "DEED",
      "confidence": 0.9896154999732971,
      "pages": [
        44,
        45
      ],
      "chunk_id": 4,
      "chunk_start": 37,
      "chunk_end": 51
    },
    {
      "type": "DEED",
      "confidence": 0.9940171241760254,
      "pages": [
        46,
        47,
        48,
        49,
        50,
        51
      ],
      "chunk_id": 4,
      "chunk_start": 37,
      "chunk_end": 51
    }
  ]
}