{
  "chunk_id": 12,
  "start_page": 133,
  "end_page": 147,
  "processing_time": 7.916285037994385,
  "deeds": [
    {
      "type": "DEED",
      "confidence": 0.9998421669006348,
      "pages": [
        133,
        134,
        135,
        136,
        137,
        138,
        139,
        140,
        141,
        142,
        143
      ],
      "chunk_id": 12,
      "chunk_start": 133,
      "chunk_end": 147
    },
    {
      "type": "DEED",
      "confidence": 0.9999263882637024,
      "pages": [
        144
      ],
      "chunk_id": 12,
      "chunk_start": 133,
      "chunk_end": 147
    },
    {
      "type": "DEED",
      "confidence": 0.9966520071029663,
      "pages": [
        145,
        146,
        147
      ],
      "chunk_id": 12,
      "chunk_start": 133,
      "chunk_end": 147
    }
  ]
}